TYPE,CONTENT,PRIORITY,INDENT,AUTHOR,RESPONSIBLE,DATE,DATE_LANG,TIMEZONE
task,Youtube Video,4,1,Rahul (3565260),,,en,Australia/Melbourne
task,Youtube Video: Script,4,2,Rahul (3565260),,in 2 days,en,Australia/Melbourne
task,Youtube Video: Script,4,2,Rahul (3565260),,in 2 days,en,Australia/Melbourne
task,Youtube Video: Script,4,2,Rahul (3565260),,in 3 days,en,Australia/Melbourne
task,Youtube Video: Record Audio,4,2,Rahul (3565260),,in 9 days,en,Australia/Melbourne
task,Youtube Video: Record Audio,4,2,Rahul (3565260),,in 9 days,en,Australia/Melbourne
task,Youtube Video: Record Audio,4,2,Rahul (3565260),,in 10 days,en,Australia/Melbourne
task,Youtube Video: Record Video,4,2,Rahul (3565260),,in 16 days,en,Australia/Melbourne
task,Youtube Video: Record Video,4,2,Rahul (3565260),,in 16 days,en,Australia/Melbourne
task,Youtube Video: Editing,4,2,Rahul (3565260),,in 17 days,en,Australia/Melbourne
task,Youtube Video: Editing,4,2,Rahul (3565260),,in 23 days,en,Australia/Melbourne
task,Youtube Video: Editing,4,2,Rahul (3565260),,in 23 days,en,Australia/Melbourne
task,Youtube Video: Rendering and Publish,4,2,Rahul (3565260),,in 24 days,en,Australia/Melbourne
